count_X36,count_X27,count_X30,count_X41,mean_X36,mean_X27,mean_X30,mean_X41,std_X36,std_X27,std_X30,std_X41,min_X36,min_X27,min_X30,min_X41,25%_X36,25%_X27,25%_X30,25%_X41,50%_X36,50%_X27,50%_X30,50%_X41,75%_X36,75%_X27,75%_X30,75%_X41,max_X36,max_X27,max_X30,max_X41
25.0,25.0,25.0,25.0,0.0,5.788,2.5000000000000004,0.0684,0.0,2.2435685859808254,1.2747548783981961,0.040792156108742275,0.0,3.5,1.2,0.03,0.0,3.5,1.2,0.03,0.0,7.9,3.7,0.03,0.0,7.9,3.7,0.11,0.0,7.9,3.7,0.11
50.0,50.0,50.0,50.0,0.0,5.7,2.45,0.07,0.0,2.2223355980148636,1.2626906806902636,0.040406101782088436,0.0,3.5,1.2,0.03,0.0,3.5,1.2,0.03,0.0,5.7,2.45,0.07,0.0,7.9,3.7,0.11,0.0,7.9,3.7,0.11
12.0,12.0,12.0,12.0,0.0,7.900000000000002,3.700000000000001,0.03000000000000001,0.0,1.8553442084620055e-15,9.276721042310028e-16,1.0871157471457064e-17,0.0,7.9,3.7,0.03,0.0,7.9,3.7,0.03,0.0,7.9,3.7,0.03,0.0,7.9,3.7,0.03,0.0,7.9,3.7,0.03
24.0,24.0,24.0,24.0,0.0325,8.245833333333332,2.75,0.10208333333333335,0.03053864266224309,1.272443444260129,1.8323185597345857,0.03562841643928361,0.0,7.1,0.8,0.07,0.0,7.1,0.8,0.07,0.06,7.1,4.4,0.07,0.06,9.6,4.4,0.14,0.06,9.6,4.4,0.14
14.0,14.0,14.0,14.0,0.0,7.585714285714288,3.5214285714285727,0.03571428571428572,0.0,1.1759494644146673,0.6681531047810612,0.021380899352993955,0.0,3.5,1.2,0.03,0.0,7.9,3.7,0.03,0.0,7.9,3.7,0.03,0.0,7.9,3.7,0.03,0.0,7.9,3.7,0.11
50.0,50.0,50.0,50.0,0.031200000000000002,8.3,2.672000000000001,0.10360000000000001,0.030280322970266903,1.261680123761121,1.8168193782160145,0.03532704346531139,0.0,7.1,0.8,0.07,0.0,7.1,0.8,0.07,0.06,7.1,4.4,0.07,0.06,9.6,4.4,0.14,0.06,9.6,4.4,0.14
50.0,50.0,50.0,50.0,0.0182,8.585999999999999,2.17,0.09400000000000003,0.025369916299846643,1.0165989717620982,1.417996574648291,0.02885572839532022,0.0,7.1,0.8,0.07,0.0,7.4,1.2,0.07,0.01,8.850000000000001,2.1,0.07,0.0475,9.4,3.825,0.1,0.06,9.6,4.4,0.14
43.0,43.0,43.0,43.0,0.004883720930232559,8.837209302325581,1.6395348837209303,0.08534883720930234,0.005057805388588732,0.5563585927447603,0.4552024849729859,0.015173416165766195,0.0,8.3,1.2,0.07,0.0,8.3,1.2,0.07,0.0,8.3,1.2,0.1,0.01,9.4,2.1,0.1,0.01,9.4,2.1,0.1
25.0,25.0,25.0,25.0,0.031200000000000002,8.299999999999999,2.6720000000000006,0.10360000000000001,0.030594117081556706,1.2747548783981961,1.8356470248934027,0.0356931365951495,0.0,7.1,0.8,0.07,0.0,7.1,0.8,0.07,0.06,7.1,4.4,0.07,0.06,9.6,4.4,0.14,0.06,9.6,4.4,0.14
25.0,25.0,25.0,25.0,0.0052,8.872000000000002,1.6680000000000001,0.08439999999999999,0.005099019513592784,0.5608921464952061,0.45891175622335073,0.015297058540778353,0.0,8.3,1.2,0.07,0.0,8.3,1.2,0.07,0.01,9.4,2.1,0.07,0.01,9.4,2.1,0.1,0.01,9.4,2.1,0.1
25.0,25.0,25.0,25.0,0.0052,8.872,1.6680000000000001,0.08439999999999999,0.005099019513592784,0.5608921464952061,0.45891175622335073,0.015297058540778353,0.0,8.3,1.2,0.07,0.0,8.3,1.2,0.07,0.01,9.4,2.1,0.07,0.01,9.4,2.1,0.1,0.01,9.4,2.1,0.1
25.0,25.0,25.0,25.0,0.031200000000000002,8.299999999999999,2.6719999999999997,0.10360000000000001,0.030594117081556706,1.2747548783981963,1.835647024893403,0.0356931365951495,0.0,7.1,0.8,0.07,0.0,7.1,0.8,0.07,0.06,7.1,4.4,0.07,0.06,9.6,4.4,0.14,0.06,9.6,4.4,0.14
25.0,25.0,25.0,25.0,0.0052,8.872000000000002,1.6680000000000001,0.08439999999999999,0.005099019513592784,0.5608921464952061,0.45891175622335073,0.015297058540778353,0.0,8.3,1.2,0.07,0.0,8.3,1.2,0.07,0.01,9.4,2.1,0.07,0.01,9.4,2.1,0.1,0.01,9.4,2.1,0.1
25.0,25.0,25.0,25.0,0.031200000000000002,8.299999999999999,2.6720000000000006,0.10360000000000001,0.030594117081556706,1.2747548783981961,1.8356470248934027,0.0356931365951495,0.0,7.1,0.8,0.07,0.0,7.1,0.8,0.07,0.06,7.1,4.4,0.07,0.06,9.6,4.4,0.14,0.06,9.6,4.4,0.14
25.0,25.0,25.0,25.0,0.0052,9.432,2.3703999999999996,0.26159999999999994,0.005099019513592784,5.91486263576763,2.0498058444642995,0.1682676439485619,0.0,3.4,0.28,0.09,0.0,3.4,0.28,0.09,0.01,15.0,4.3,0.42,0.01,15.0,4.3,0.42,0.01,15.0,4.3,0.42
25.0,25.0,25.0,25.0,0.0052,8.872,1.6680000000000001,0.08439999999999999,0.005099019513592784,0.5608921464952061,0.45891175622335073,0.015297058540778353,0.0,8.3,1.2,0.07,0.0,8.3,1.2,0.07,0.01,9.4,2.1,0.07,0.01,9.4,2.1,0.1,0.01,9.4,2.1,0.1
22.0,22.0,22.0,22.0,0.004999999999999999,8.850000000000003,1.65,0.08500000000000002,0.00511766315719159,0.5629429472910746,0.4605896841472432,0.015352989471574768,0.0,8.3,1.2,0.07,0.0,8.3,1.2,0.07,0.005,8.850000000000001,1.65,0.085,0.01,9.4,2.1,0.1,0.01,9.4,2.1,0.1
24.0,24.0,24.0,24.0,0.005,8.85,1.6500000000000001,0.085,0.005107539184552492,0.5618293103007739,0.4596785266097243,0.015322617553657474,0.0,8.3,1.2,0.07,0.0,8.3,1.2,0.07,0.005,8.850000000000001,1.65,0.085,0.01,9.4,2.1,0.1,0.01,9.4,2.1,0.1
25.0,25.0,25.0,25.0,0.0052,8.872000000000002,1.6680000000000001,0.08439999999999999,0.005099019513592784,0.5608921464952061,0.45891175622335073,0.015297058540778353,0.0,8.3,1.2,0.07,0.0,8.3,1.2,0.07,0.01,9.4,2.1,0.07,0.01,9.4,2.1,0.1,0.01,9.4,2.1,0.1
25.0,25.0,25.0,25.0,0.0052,8.872000000000002,1.6680000000000001,0.08439999999999999,0.005099019513592784,0.5608921464952061,0.45891175622335073,0.015297058540778353,0.0,8.3,1.2,0.07,0.0,8.3,1.2,0.07,0.01,9.4,2.1,0.07,0.01,9.4,2.1,0.1,0.01,9.4,2.1,0.1
25.0,25.0,25.0,25.0,0.0104,7.312000000000001,1.2,0.08439999999999999,0.010198039027185569,0.9688137075826293,0.0,0.015297058540778353,0.0,6.4,1.2,0.07,0.0,6.4,1.2,0.07,0.02,6.4,1.2,0.07,0.02,8.3,1.2,0.1,0.02,8.3,1.2,0.1
25.0,25.0,25.0,25.0,0.0052,8.872000000000002,1.6680000000000001,0.08439999999999999,0.005099019513592784,0.5608921464952061,0.45891175622335073,0.015297058540778353,0.0,8.3,1.2,0.07,0.0,8.3,1.2,0.07,0.01,9.4,2.1,0.07,0.01,9.4,2.1,0.1,0.01,9.4,2.1,0.1
24.0,24.0,24.0,24.0,0.005416666666666667,9.683333333333334,2.4574999999999996,0.26875,0.005089773777040516,5.9041375813669985,2.046089058370287,0.167962534642337,0.0,3.4,0.28,0.09,0.0,3.4,0.28,0.09,0.01,15.0,4.3,0.42,0.01,15.0,4.3,0.42,0.01,15.0,4.3,0.42
25.0,25.0,25.0,25.0,0.0052,8.872000000000002,1.6680000000000001,0.08439999999999999,0.005099019513592784,0.5608921464952061,0.45891175622335073,0.015297058540778353,0.0,8.3,1.2,0.07,0.0,8.3,1.2,0.07,0.01,9.4,2.1,0.07,0.01,9.4,2.1,0.1,0.01,9.4,2.1,0.1
25.0,25.0,25.0,25.0,0.0104,7.312000000000001,1.2,0.08439999999999999,0.010198039027185569,0.9688137075826293,0.0,0.015297058540778353,0.0,6.4,1.2,0.07,0.0,6.4,1.2,0.07,0.02,6.4,1.2,0.07,0.02,8.3,1.2,0.1,0.02,8.3,1.2,0.1
25.0,25.0,25.0,25.0,0.0052,8.872000000000002,1.6680000000000001,0.08439999999999999,0.005099019513592784,0.5608921464952061,0.45891175622335073,0.015297058540778353,0.0,8.3,1.2,0.07,0.0,8.3,1.2,0.07,0.01,9.4,2.1,0.07,0.01,9.4,2.1,0.1,0.01,9.4,2.1,0.1
25.0,25.0,25.0,25.0,0.0052,10.152,2.3703999999999996,0.2856,0.005099019513592784,5.150009708728712,2.0498058444642995,0.14277254638059794,0.0,4.9,0.28,0.14,0.0,4.9,0.28,0.14,0.01,15.0,4.3,0.42,0.01,15.0,4.3,0.42,0.01,15.0,4.3,0.42
24.0,24.0,24.0,24.0,0.0,3.65,1.135,0.10500000000000002,0.0,0.9704324450649732,0.6793027115454814,0.02553769592276246,0.0,2.7,0.47,0.08,0.0,2.7,0.47,0.08,0.0,3.65,1.135,0.10500000000000001,0.0,4.6,1.8,0.13,0.0,4.6,1.8,0.13
25.0,25.0,25.0,25.0,0.0052,8.872000000000002,1.6680000000000001,0.08439999999999999,0.005099019513592784,0.5608921464952061,0.45891175622335073,0.015297058540778353,0.0,8.3,1.2,0.07,0.0,8.3,1.2,0.07,0.01,9.4,2.1,0.07,0.01,9.4,2.1,0.1,0.01,9.4,2.1,0.1
25.0,25.0,25.0,25.0,0.0,12.0,2.4,0.18,0.0,0.0,0.0,0.0,0.0,12.0,2.4,0.18,0.0,12.0,2.4,0.18,0.0,12.0,2.4,0.18,0.0,12.0,2.4,0.18,0.0,12.0,2.4,0.18
25.0,25.0,25.0,25.0,0.0104,4.488,0.7864,0.19080000000000003,0.010198039027185569,0.9688137075826293,0.545595087954428,0.020396078054371127,0.0,3.5,0.23,0.17,0.0,3.5,0.23,0.17,0.02,5.4,1.3,0.21,0.02,5.4,1.3,0.21,0.02,5.4,1.3,0.21
24.0,24.0,24.0,24.0,0.02,10.5,2.6500000000000004,0.125,0.0,0.5107539184552492,0.5618293103007741,0.056182931030077404,0.02,10.0,2.1,0.07,0.02,10.0,2.1,0.07,0.02,10.5,2.6500000000000004,0.125,0.02,11.0,3.2,0.18,0.02,11.0,3.2,0.18
25.0,25.0,25.0,25.0,0.0,5.788,2.5000000000000004,0.0684,0.0,2.2435685859808254,1.2747548783981963,0.040792156108742275,0.0,3.5,1.2,0.03,0.0,3.5,1.2,0.03,0.0,7.9,3.7,0.03,0.0,7.9,3.7,0.11,0.0,7.9,3.7,0.11
25.0,25.0,25.0,25.0,0.0052,9.431999999999999,2.3703999999999996,0.26159999999999994,0.005099019513592784,5.91486263576763,2.0498058444642995,0.1682676439485619,0.0,3.4,0.28,0.09,0.0,3.4,0.28,0.09,0.01,15.0,4.3,0.42,0.01,15.0,4.3,0.42,0.01,15.0,4.3,0.42
46.0,46.0,46.0,46.0,0.017173913043478265,9.406521739130437,3.125869565217392,0.24391304347826087,0.01905116426634818,3.2131260081050907,1.5853938537466277,0.22617081313683216,0.0,4.1,0.79,0.05,0.01,9.3,3.0,0.06,0.01,10.65,3.2,0.165,0.01,12.0,3.4,0.27,0.05,12.0,5.3,0.61
24.0,24.0,24.0,24.0,0.0,3.570833333333333,1.1904166666666667,0.10291666666666667,0.0,0.9670570176376977,0.6769399123463886,0.02544886888520258,0.0,2.7,0.47,0.08,0.0,2.7,0.47,0.08,0.0,2.7,1.8,0.08,0.0,4.6,1.8,0.13,0.0,4.6,1.8,0.13
25.0,25.0,25.0,25.0,0.0148,9.491999999999999,2.26,0.0292,0.005099019513592784,1.4787156589419077,0.2549509756796392,0.02039607805437114,0.01,8.1,2.0,0.01,0.01,8.1,2.0,0.01,0.01,8.1,2.5,0.01,0.02,11.0,2.5,0.05,0.02,11.0,2.5,0.05
25.0,25.0,25.0,25.0,0.0104,8.516000000000002,3.648,0.1072,0.010198039027185569,3.416343074107166,1.2237646832622684,0.071386273190299,0.0,5.3,2.4,0.04,0.0,5.3,2.4,0.04,0.02,5.3,4.8,0.04,0.02,12.0,4.8,0.18,0.02,12.0,4.8,0.18
25.0,25.0,25.0,25.0,0.0104,8.516000000000002,3.648,0.1072,0.010198039027185569,3.416343074107166,1.2237646832622684,0.071386273190299,0.0,5.3,2.4,0.04,0.0,5.3,2.4,0.04,0.02,5.3,4.8,0.04,0.02,12.0,4.8,0.18,0.02,12.0,4.8,0.18
25.0,25.0,25.0,25.0,0.02,10.48,2.628,0.12279999999999999,0.0,0.5099019513592784,0.5608921464952064,0.05608921464952063,0.02,10.0,2.1,0.07,0.02,10.0,2.1,0.07,0.02,10.0,2.1,0.07,0.02,11.0,3.2,0.18,0.02,11.0,3.2,0.18
25.0,25.0,25.0,25.0,0.0052,8.872,1.6680000000000001,0.08439999999999999,0.005099019513592784,0.5608921464952061,0.45891175622335073,0.015297058540778353,0.0,8.3,1.2,0.07,0.0,8.3,1.2,0.07,0.01,9.4,2.1,0.07,0.01,9.4,2.1,0.1,0.01,9.4,2.1,0.1
1.0,1.0,1.0,1.0,0.01,12.0,3.4,0.06,,,,,0.01,12.0,3.4,0.06,0.01,12.0,3.4,0.06,0.01,12.0,3.4,0.06,0.01,12.0,3.4,0.06,0.01,12.0,3.4,0.06
25.0,25.0,25.0,25.0,0.0,3.9960000000000004,1.5232,0.05000000000000001,0.0,0.10198039027185557,0.7189617514165827,7.081978934950617e-18,0.0,3.9,0.79,0.05,0.0,3.9,0.79,0.05,0.0,3.9,2.2,0.05,0.0,4.1,2.2,0.05,0.0,4.1,2.2,0.05
25.0,25.0,25.0,25.0,0.0304,8.764,2.3160000000000003,0.1176,0.010198039027185569,2.192578390844897,0.8668333173107735,0.06118823416311341,0.02,6.7,1.5,0.06,0.02,6.7,1.5,0.06,0.04,6.7,1.5,0.06,0.04,11.0,3.2,0.18,0.04,11.0,3.2,0.18
25.0,25.0,25.0,25.0,0.014800000000000002,9.492,2.26,0.029200000000000004,0.005099019513592785,1.4787156589419077,0.2549509756796392,0.020396078054371138,0.01,8.1,2.0,0.01,0.01,8.1,2.0,0.01,0.01,8.1,2.5,0.01,0.02,11.0,2.5,0.05,0.02,11.0,2.5,0.05
25.0,25.0,25.0,25.0,0.0052,8.872000000000002,1.6680000000000001,0.08439999999999999,0.005099019513592784,0.5608921464952061,0.45891175622335073,0.015297058540778353,0.0,8.3,1.2,0.07,0.0,8.3,1.2,0.07,0.01,9.4,2.1,0.07,0.01,9.4,2.1,0.1,0.01,9.4,2.1,0.1
25.0,25.0,25.0,25.0,0.0304,8.764,2.3160000000000003,0.1176,0.010198039027185569,2.192578390844897,0.8668333173107734,0.06118823416311341,0.02,6.7,1.5,0.06,0.02,6.7,1.5,0.06,0.04,6.7,1.5,0.06,0.04,11.0,3.2,0.18,0.04,11.0,3.2,0.18
25.0,25.0,25.0,25.0,0.026000000000000006,8.208,3.1351999999999998,0.34120000000000006,0.025495097567963927,4.0282254157383,2.299657800630346,0.28554509276119594,0.0,4.1,0.79,0.05,0.0,4.1,0.79,0.05,0.05,12.0,5.3,0.61,0.05,12.0,5.3,0.61,0.05,12.0,5.3,0.61
17.0,17.0,17.0,17.0,0.01,4.3,0.93,0.17,0.0,0.0,0.0,0.0,0.01,4.3,0.93,0.17,0.01,4.3,0.93,0.17,0.01,4.3,0.93,0.17,0.01,4.3,0.93,0.17,0.01,4.3,0.93,0.17
6.0,6.0,6.0,6.0,0.0,6.866666666666667,0.6000000000000001,0.17333333333333334,0.0,1.2909944487358056,0.12393546707863737,0.09811557810392123,0.0,5.2,0.44,0.11,0.0,5.825,0.5,0.11,0.0,7.7,0.68,0.11,0.0,7.7,0.68,0.2525,0.0,7.7,0.68,0.3
19.0,19.0,19.0,19.0,0.0,7.699999999999999,0.84,0.07000000000000002,0.0,9.125165812557182e-16,0.0,1.4258071582120596e-17,0.0,7.7,0.84,0.07,0.0,7.7,0.84,0.07,0.0,7.7,0.84,0.07,0.0,7.7,0.84,0.07,0.0,7.7,0.84,0.07
13.0,13.0,13.0,13.0,0.005384615384615385,8.861538461538462,0.7953846153846154,0.24615384615384617,0.005188745216627708,3.5283467473068417,0.3424571842974288,0.051887452166277076,0.0,5.2,0.44,0.2,0.0,5.2,0.44,0.2,0.01,12.0,1.1,0.2,0.01,12.0,1.1,0.3,0.01,12.0,1.1,0.3
9.0,9.0,9.0,9.0,0.0,6.177777777777778,0.5466666666666666,0.21555555555555558,0.0,1.159501808728406,0.1264911064067352,0.10013879257199867,0.0,5.2,0.44,0.11,0.0,5.2,0.44,0.11,0.0,5.2,0.44,0.3,0.0,7.4,0.68,0.3,0.0,7.4,0.68,0.3
3.0,3.0,3.0,3.0,0.0,7.7,0.68,0.11,0.0,0.0,0.0,0.0,0.0,7.7,0.68,0.11,0.0,7.7,0.68,0.11,0.0,7.7,0.68,0.11,0.0,7.7,0.68,0.11,0.0,7.7,0.68,0.11
18.0,18.0,18.0,18.0,0.0,7.699999999999999,0.84,0.07,0.0,9.139280539960854e-16,0.0,0.0,0.0,7.7,0.84,0.07,0.0,7.7,0.84,0.07,0.0,7.7,0.84,0.07,0.0,7.7,0.84,0.07,0.0,7.7,0.84,0.07
16.0,16.0,16.0,16.0,0.01,5.875,0.48375,0.07250000000000001,0.0,0.2999999999999998,0.045000000000000005,0.010000000000000002,0.01,5.5,0.45,0.06,0.01,5.5,0.45,0.06,0.01,6.1,0.45,0.08,0.01,6.1,0.54,0.08,0.01,6.1,0.54,0.08
41.0,41.0,41.0,41.0,0.011707317073170733,5.060975609756097,0.5229268292682926,0.06560975609756098,0.01948107274053334,0.7605517894201841,0.14815943949743843,0.03209741270630741,0.0,3.8,0.34,0.05,0.0,5.1,0.34,0.05,0.0,5.1,0.64,0.05,0.01,5.1,0.64,0.05,0.05,6.2,0.64,0.13
18.0,18.0,18.0,18.0,0.0,7.699999999999999,0.84,0.07,0.0,9.139280539960854e-16,0.0,0.0,0.0,7.7,0.84,0.07,0.0,7.7,0.84,0.07,0.0,7.7,0.84,0.07,0.0,7.7,0.84,0.07,0.0,7.7,0.84,0.07
17.0,17.0,17.0,17.0,0.01,5.7823529411764705,0.49764705882352944,0.06941176470588237,0.0,0.3086974532565157,0.046304617988477396,0.010289915108550532,0.01,5.5,0.45,0.06,0.01,5.5,0.45,0.06,0.01,5.5,0.54,0.06,0.01,6.1,0.54,0.08,0.01,6.1,0.54,0.08
20.0,20.0,20.0,20.0,0.010000000000000002,5.859999999999999,0.48599999999999993,0.07200000000000002,1.7797887332061147e-18,0.30157481397002056,0.04523622209550312,0.010052493799000695,0.01,5.5,0.45,0.06,0.01,5.5,0.45,0.06,0.01,6.1,0.45,0.08,0.01,6.1,0.54,0.08,0.01,6.1,0.54,0.08
13.0,13.0,13.0,13.0,0.009999999999999998,5.730769230769231,0.5053846153846154,0.0676923076923077,1.805557439208312e-18,0.3038218101250998,0.04557327151876501,0.01012739367083667,0.01,5.5,0.45,0.06,0.01,5.5,0.45,0.06,0.01,5.5,0.54,0.06,0.01,6.1,0.54,0.08,0.01,6.1,0.54,0.08
20.0,20.0,20.0,20.0,0.010000000000000002,5.859999999999999,0.48599999999999993,0.07200000000000002,1.7797887332061147e-18,0.3015748139700206,0.04523622209550312,0.010052493799000695,0.01,5.5,0.45,0.06,0.01,5.5,0.45,0.06,0.01,6.1,0.45,0.08,0.01,6.1,0.54,0.08,0.01,6.1,0.54,0.08
16.0,16.0,16.0,16.0,0.015625,6.26875,0.985625,0.06,0.0051234753829797995,0.15370426148939434,0.2510502937660101,0.0,0.01,6.1,0.71,0.06,0.01,6.1,0.71,0.06,0.02,6.4,1.2,0.06,0.02,6.4,1.2,0.06,0.02,6.4,1.2,0.06
25.0,25.0,25.0,25.0,0.01,6.099999999999999,0.71,0.06,0.0,9.06493303673679e-16,0.0,0.0,0.01,6.1,0.71,0.06,0.01,6.1,0.71,0.06,0.01,6.1,0.71,0.06,0.01,6.1,0.71,0.06,0.01,6.1,0.71,0.06
18.0,18.0,18.0,18.0,0.010000000000000002,4.722222222222222,1.0166666666666666,0.08666666666666667,1.7850157304611042e-18,1.5850609769512323,0.35280389486979036,0.030678599553894816,0.01,3.0,0.71,0.06,0.01,3.0,0.71,0.06,0.01,6.1,0.71,0.06,0.01,6.1,1.4,0.12,0.01,6.1,1.4,0.12
18.0,18.0,18.0,18.0,0.010000000000000002,4.55,1.055,0.09000000000000001,1.7850157304611042e-18,1.594936841825332,0.3550020712449933,0.03086974532565159,0.01,3.0,0.71,0.06,0.01,3.0,0.71,0.06,0.01,4.55,1.055,0.09,0.01,6.1,1.4,0.12,0.01,6.1,1.4,0.12
11.0,11.0,11.0,11.0,0.0,4.200000000000001,0.46,0.05,0.0,9.315293853352739e-16,0.0,0.0,0.0,4.2,0.46,0.05,0.0,4.2,0.46,0.05,0.0,4.2,0.46,0.05,0.0,4.2,0.46,0.05,0.0,4.2,0.46,0.05
41.0,41.0,41.0,41.0,0.012195121951219513,7.351219512195123,1.7804878048780488,0.15560975609756098,0.01037116076482069,2.7123902697823112,0.32188469379198664,0.10807517708724342,0.0,2.3,1.2,0.03,0.01,8.7,1.8,0.04,0.01,8.8,2.0,0.25,0.01,8.8,2.0,0.25,0.03,8.8,2.0,0.25
21.0,21.0,21.0,21.0,0.005238095238095238,5.704761904761905,1.9047619047619044,0.15000000000000002,0.00511766315719159,3.326481052174534,0.10235326314383177,0.10747092630102338,0.0,2.3,1.8,0.04,0.0,2.3,1.8,0.04,0.01,8.8,2.0,0.25,0.01,8.8,2.0,0.25,0.01,8.8,2.0,0.25
18.0,18.0,18.0,18.0,0.005,5.550000000000001,1.8999999999999997,0.14500000000000002,0.005144957554275265,3.3442224102789226,0.10289915108550528,0.10804410863978058,0.0,2.3,1.8,0.04,0.0,2.3,1.8,0.04,0.005,5.550000000000001,1.9,0.14500000000000002,0.01,8.8,2.0,0.25,0.01,8.8,2.0,0.25
16.0,16.0,16.0,16.0,0.0,4.2,0.46,0.05,0.0,0.0,0.0,0.0,0.0,4.2,0.46,0.05,0.0,4.2,0.46,0.05,0.0,4.2,0.46,0.05,0.0,4.2,0.46,0.05,0.0,4.2,0.46,0.05
18.0,18.0,18.0,18.0,0.0,4.400000000000001,0.29,0.020000000000000004,0.0,9.139280539960854e-16,0.0,3.5700314609222084e-18,0.0,4.4,0.29,0.02,0.0,4.4,0.29,0.02,0.0,4.4,0.29,0.02,0.0,4.4,0.29,0.02,0.0,4.4,0.29,0.02
15.0,15.0,15.0,15.0,0.012,5.700000000000001,0.822,0.030000000000000013,0.015212776585113299,2.535462764185549,0.31946830828737927,1.436487510905098e-17,0.0,3.7,0.57,0.03,0.0,3.7,0.57,0.03,0.0,3.7,0.57,0.03,0.03,8.7,1.2,0.03,0.03,8.7,1.2,0.03
19.0,19.0,19.0,19.0,0.010000000000000002,4.1421052631578945,1.1457894736842102,0.09789473684210528,1.7822589477650745e-18,1.5363433461283913,0.3419602931705129,0.029735677667001123,0.01,3.0,0.71,0.06,0.01,3.0,0.71,0.06,0.01,3.0,1.4,0.12,0.01,6.1,1.4,0.12,0.01,6.1,1.4,0.12
43.0,43.0,43.0,43.0,0.013720930232558142,6.339534883720933,0.9151162790697674,1.3427906976744188,0.007874992309581576,2.0745785039357387,0.6781044030201756,1.0246888623739947,0.01,4.6,0.39,0.03,0.01,4.6,0.39,0.25,0.01,4.6,0.39,2.2,0.01,8.7,1.2,2.2,0.03,8.8,2.0,2.2
18.0,18.0,18.0,18.0,0.0,4.2,0.4600000000000001,0.05000000000000001,0.0,0.0,5.712050337475533e-17,7.140062921844417e-18,0.0,4.2,0.46,0.05,0.0,4.2,0.46,0.05,0.0,4.2,0.46,0.05,0.0,4.2,0.46,0.05,0.0,4.2,0.46,0.05
22.0,22.0,22.0,22.0,0.0,4.400000000000002,0.29,0.020000000000000004,0.0,1.818159190204792e-15,0.0,3.551092168368734e-18,0.0,4.4,0.29,0.02,0.0,4.4,0.29,0.02,0.0,4.4,0.29,0.02,0.0,4.4,0.29,0.02,0.0,4.4,0.29,0.02
16.0,16.0,16.0,16.0,0.01875,6.824999999999999,0.96375,0.03,0.015,2.4999999999999996,0.315,0.0,0.0,3.7,0.57,0.03,0.0,3.7,0.57,0.03,0.03,8.7,1.2,0.03,0.03,8.7,1.2,0.03,0.03,8.7,1.2,0.03
24.0,24.0,24.0,24.0,0.01625,6.408333333333334,0.9112499999999999,0.03,0.015269321331121546,2.5448868885202574,0.3206557479535525,0.0,0.0,3.7,0.57,0.03,0.0,3.7,0.57,0.03,0.03,8.7,1.2,0.03,0.03,8.7,1.2,0.03,0.03,8.7,1.2,0.03
19.0,19.0,19.0,19.0,0.01578947368421053,6.3315789473684205,0.901578947368421,0.030000000000000002,0.01538967528127731,2.5649458802128846,0.3231831809068235,3.564517895530149e-18,0.0,3.7,0.57,0.03,0.0,3.7,0.57,0.03,0.03,8.7,1.2,0.03,0.03,8.7,1.2,0.03,0.03,8.7,1.2,0.03
18.0,18.0,18.0,18.0,0.01833333333333333,6.7555555555555555,0.9549999999999998,0.030000000000000002,0.015048939771136506,2.508156628522751,0.3160277351938666,3.5700314609222084e-18,0.0,3.7,0.57,0.03,0.0,3.7,0.57,0.03,0.03,8.7,1.2,0.03,0.03,8.7,1.2,0.03,0.03,8.7,1.2,0.03
14.0,14.0,14.0,14.0,0.005714285714285714,6.014285714285713,1.9142857142857144,0.16,0.005135525910130954,3.338091841585121,0.10271051820261909,0.10784604411275005,0.0,2.3,1.8,0.04,0.0,2.3,1.8,0.04,0.01,8.8,2.0,0.25,0.01,8.8,2.0,0.25,0.01,8.8,2.0,0.25
25.0,25.0,25.0,25.0,0.0052,5.6800000000000015,1.9039999999999997,0.14920000000000003,0.005099019513592784,3.31436268383531,0.10198039027185567,0.10707940978544847,0.0,2.3,1.8,0.04,0.0,2.3,1.8,0.04,0.01,8.8,2.0,0.25,0.01,8.8,2.0,0.25,0.01,8.8,2.0,0.25
20.0,20.0,20.0,20.0,0.0,3.1000000000000005,0.2800000000000001,0.04000000000000001,0.0,4.556259157007654e-16,5.695323946259567e-17,7.119154932824459e-18,0.0,3.1,0.28,0.04,0.0,3.1,0.28,0.04,0.0,3.1,0.28,0.04,0.0,3.1,0.28,0.04,0.0,3.1,0.28,0.04
19.0,19.0,19.0,19.0,0.17421052631578948,8.03157894736842,5.045263157894737,4.0610526315789475,0.005072572735017871,1.1666917290541126,3.9210987241688224,3.5406557690424814,0.17,6.7,0.57,0.02,0.17,6.7,0.57,0.02,0.17,9.0,8.3,7.0,0.18,9.0,8.3,7.0,0.18,9.0,8.3,7.0
32.0,32.0,32.0,32.0,0.0021875,2.69375,0.40031249999999996,0.0234375,0.004200134406451545,0.898004059190481,0.14963362514553186,0.012600403219354635,0.0,1.5,0.24,0.0,0.0,2.3,0.24,0.03,0.0,2.3,0.36,0.03,0.0,3.7,0.57,0.03,0.01,3.7,0.57,0.03
19.0,19.0,19.0,19.0,0.0,5.610526315789474,0.8015789473684212,0.03578947368421054,0.0,1.6739490025559005,0.20290290940071523,0.005072572735017882,0.0,3.7,0.57,0.03,0.0,3.7,0.57,0.03,0.0,7.0,0.97,0.04,0.0,7.0,0.97,0.04,0.0,7.0,0.97,0.04
20.0,20.0,20.0,20.0,0.004999999999999999,2.6000000000000005,0.46499999999999997,0.015000000000000003,0.00512989176042577,1.1285761872936697,0.10772772696894117,0.01538967528127731,0.0,1.5,0.36,0.0,0.0,1.5,0.36,0.0,0.005,2.6,0.46499999999999997,0.015,0.01,3.7,0.57,0.03,0.01,3.7,0.57,0.03
15.0,15.0,15.0,15.0,0.004,2.8200000000000007,0.4860000000000001,0.018000000000000002,0.0050709255283711,1.115603616241642,0.10648943609579307,0.015212776585113299,0.0,1.5,0.36,0.0,0.0,1.5,0.36,0.0,0.0,3.7,0.57,0.03,0.01,3.7,0.57,0.03,0.01,3.7,0.57,0.03
37.0,37.0,37.0,37.0,0.08054054054054054,6.556756756756756,2.36027027027027,1.5375675675675675,0.08862987789258912,1.8525568728022808,3.167524871854018,2.908593976291452,0.0,3.7,0.57,0.02,0.0,6.7,0.57,0.03,0.0,7.0,0.97,0.04,0.17,7.0,0.97,0.04,0.18,9.0,8.3,7.0
35.0,35.0,35.0,35.0,0.10485714285714287,7.862857142857142,7.9714285714285715,2.2297142857142855,0.08695405915402307,0.9042662655388602,5.1535551080880895,3.2766890442086463,0.0,6.7,0.57,0.02,0.0,6.7,0.57,0.02,0.17,7.8,8.3,0.06,0.18,9.0,13.0,7.0,0.18,9.0,13.0,7.0
15.0,15.0,15.0,15.0,0.005333333333333333,2.526666666666667,0.45800000000000013,0.014,0.0051639777949432225,1.136075114887509,0.10844353369380766,0.01549193338482967,0.0,1.5,0.36,0.0,0.0,1.5,0.36,0.0,0.01,1.5,0.36,0.0,0.01,3.7,0.57,0.03,0.01,3.7,0.57,0.03
11.0,11.0,11.0,11.0,0.17363636363636362,8.163636363636364,5.489090909090908,4.461818181818182,0.005045249791095121,1.1604074519518797,3.899978088516536,3.521584354184401,0.17,6.7,0.57,0.02,0.17,6.7,0.57,0.02,0.17,9.0,8.3,7.0,0.18,9.0,8.3,7.0,0.18,9.0,8.3,7.0
13.0,13.0,13.0,13.0,0.17461538461538462,7.93846153846154,4.7323076923076925,3.7784615384615394,0.005188745216627698,1.193411399824373,4.010900052453218,3.6217441612061405,0.17,6.7,0.57,0.02,0.17,6.7,0.57,0.02,0.17,9.0,8.3,7.0,0.18,9.0,8.3,7.0,0.18,9.0,8.3,7.0
25.0,25.0,25.0,25.0,0.1208,4.328,1.8695999999999997,0.2808,0.1070794097854485,0.5608921464952066,1.5195078150506498,0.020396078054371127,0.02,3.8,0.32,0.26,0.02,3.8,0.32,0.26,0.02,3.8,3.3,0.3,0.23,4.9,3.3,0.3,0.23,4.9,3.3,0.3
11.0,11.0,11.0,11.0,0.13454545454545455,4.3999999999999995,1.6745454545454543,0.27818181818181814,0.10966892325208964,0.5744562646538032,1.5562542442439387,0.02088931871468373,0.02,3.8,0.32,0.26,0.02,3.8,0.32,0.26,0.23,4.9,0.32,0.26,0.23,4.9,3.3,0.3,0.23,4.9,3.3,0.3
25.0,25.0,25.0,25.0,0.0308,3.5439999999999996,0.7099999999999999,0.04,0.020396078054371138,2.3965391713886084,0.2549509756796392,0.0,0.01,1.1,0.45,0.04,0.01,1.1,0.45,0.04,0.05,5.8,0.95,0.04,0.05,5.8,0.95,0.04,0.05,5.8,0.95,0.04
23.0,23.0,23.0,23.0,0.03086956521739131,3.552173913043478,0.7108695652173911,0.040000000000000015,0.020430156738209967,2.4005434167396706,0.2553769592276246,1.4189687151543036e-17,0.01,1.1,0.45,0.04,0.01,1.1,0.45,0.04,0.05,5.8,0.95,0.04,0.05,5.8,0.95,0.04,0.05,5.8,0.95,0.04
9.0,9.0,9.0,9.0,0.027777777777777776,3.188888888888889,0.6722222222222222,0.04,0.021081851067789197,2.4771175004652304,0.2635231383473649,0.0,0.01,1.1,0.45,0.04,0.01,1.1,0.45,0.04,0.01,1.1,0.45,0.04,0.05,5.8,0.95,0.04,0.05,5.8,0.95,0.04
25.0,25.0,25.0,25.0,0.0308,3.5439999999999996,0.7099999999999999,0.04,0.020396078054371138,2.396539171388609,0.2549509756796392,0.0,0.01,1.1,0.45,0.04,0.01,1.1,0.45,0.04,0.05,5.8,0.95,0.04,0.05,5.8,0.95,0.04,0.05,5.8,0.95,0.04
